WhiteMatter	GlobalSignal	stdDVARS	non-stdDVARS	vx-wisestdDVARS	FramewiseDisplacement	tCompCor00	tCompCor01	tCompCor02	tCompCor03	tCompCor04	tCompCor05	aCompCor00	aCompCor01	aCompCor02	aCompCor03	aCompCor04	aCompCor05	X	Y	Z	RotX	RotY	RotZ
-0.9301927089691162	0.9206877946853638	n/a	n/a	n/a	n/a	-0.046769417300000005	-0.0495869399	0.07391773089999999	-0.0390734688	0.1023320244	-0.0428543949	-0.0253336923	-0.11901236949999999	0.0384530602	-0.0694216043	0.010756405	-0.0001461208	0.0247666	-0.07230510000000001	-0.00225479	-0.00179315	-0.00136125	0.000351788
-1.2998831272125244	-0.9753386974334716	0.98972142	23.51040459	0.9277758	0.06352947	0.0262909817	0.0798428176	-0.0078162788	0.09858130539999999	0.053868719	-0.0340684568	0.0868164652	-0.032825378599999996	0.0353301188	0.0365669646	0.0646170615	-0.17293409469999999	0.025501	-0.0767292	-0.00519686	-0.00206521	-0.000951006	0.0007780619999999999
-1.6504087448120115	-1.1832547187805176	0.96175736	22.84613037	0.91068816	0.12680645999999998	-0.023823844500000003	-0.0247229235	0.0378450328	-0.0691305892	0.0427035088	0.0182272164	-0.015523377199999999	-0.0149538398	0.10947275039999999	-0.0114329847	0.1327709459	0.0519371254	0.0203294	-0.016372	0.0280211	-0.00191396	-0.00136095	0.0007780619999999999
-1.77455472946167	-0.651058554649353	0.98636305	23.43062782	0.91973102	0.21658105	-0.0098272525	-0.0507289296	-0.0369443265	0.1245053373	-0.0106778699	0.0220218179	-0.0785630001	-0.0393438456	0.0371304966	-0.0129827097	0.0810468819	-0.1511466876	0.0176145	-0.06616960000000001	-0.0467724	-0.000446485	-0.00145277	0.000551856
-1.2435495853424072	-0.04867193102836609	1.05543315	25.07135773	0.97791201	0.10599845	-0.0410966666	0.04929736690000001	0.10455687699999999	-0.0806877627	0.0570522567	-0.027865671800000002	0.0749779045	-0.10181760320000001	-0.0266689714	-0.074854373	0.055891658899999995	0.0074842115	0.0274121	-0.106554	-0.024217	-0.000753438	-0.00128692	0.000359438
-1.159932017326355	0.3486975729465485	0.95885754	22.77724648	0.91089696	0.15913745	-0.0050882196999999995	0.0227125602	-0.0775499664	0.09250729380000002	0.009001023	-0.0387379329	-0.0017587560999999998	0.0314781242	0.0341130594	-0.0380799825	0.0722556249	-0.13588145140000002	0.0147142	-0.0902615	-0.0697503	0.000280087	-0.00163355	0.000671558
-0.699544370174408	0.7358132600784302	0.96952713	23.03069878	0.90464771	0.126091245	-0.0707373474	-0.0162941513	0.0414729506	-0.0169640956	-0.006515866600000001	0.062308681799999995	-0.0134752721	-0.0724377581	-0.0055057218	-0.0849300666	0.052197880099999996	-0.0238104925	0.00796557	-0.0356639	-0.0534168	-6.27893e-05	-0.0011147	0.0007780619999999999
-0.6847744584083557	0.06366375088691711	1.05576515	25.07924461	0.9507733	0.106943545	-0.0120482233	0.110564698	-0.0325755625	0.07299880190000001	0.0259522343	-0.08448185009999999	0.1009126639	0.026574591499999998	0.0526535479	-0.0322845093	0.0681052657	-0.11641835699999999	0.018650599999999996	-0.09281460000000001	-0.059125199999999996	0.00027754200000000003	-0.00125092	0.000586625
-0.5130220651626587	1.4247784614562988	1.14647269	27.23396492	0.99923301	0.08832579999999998	-0.0357306357	-0.056230385	-0.033084294	-0.1040139249	0.1129778892	0.0415257964	-0.0693660584	0.0318573052	0.060734985400000004	-0.081220976	0.0228280085	0.0518204346	0.013084899999999998	-0.0976612	-0.07888719999999999	-0.000294374	-0.0008979239999999999	0.00034850699999999996
-0.5548317432403564	0.8369184732437134	1.1421572	27.13145065	0.99905634	0.08075206500000001	-0.0153591625	0.0323399027	-0.014372523	0.0976719027	0.041967364800000004	-0.021876602400000004	0.025427244100000003	-0.0646133747	-0.0397585669	-0.0429973017	-0.027165022200000003	-0.115507712	0.0125785	-0.0987807	-0.11041300000000001	5.5652299999999996e-05	-0.000310947	0.000363511
-0.7014998197555542	0.4053085148334503	1.06773281	25.36353302	0.96283209	0.12592574560000003	-0.0300517546	0.0739409644	0.0373112468	-0.1049029619	0.06894433629999999	0.0096770893	0.0765360655	0.0184694855	0.0872862248	-0.0657337942	0.1024625176	0.0563984066	-4.09606e-05	-0.0781946	-0.0600327	0.00022986599999999998	-0.000918612	0.00029859200000000003
-0.24288225173950195	2.1349534988403316	1.25055361	29.70635986	1.09213126	0.3967276806	0.0043215080999999995	-0.0611522904	-0.1886612216	0.0463712059	0.0699246428	0.01993722	-0.125175767	0.09696876900000001	-0.0087633741	-0.0596170445	-0.0200803343	-0.0898606768	0.0415011	-0.17060899999999998	-0.21272199999999997	0.00106938	8.457649999999999e-05	-6.0343900000000003e-05
0.7882450819015503	0.9678698778152466	1.27263916	30.23099327	1.10809612	0.09706018000000002	-0.030482352400000003	0.1026969249	-0.0079887033	-0.0962638531	0.0633125705	0.046246847199999996	0.1012669847	0.0478127324	-0.0479178605	-0.0741981723	-0.0660369561	0.0242288232	0.0487976	-0.169656	-0.19681300000000002	0.000144807	0.000500753	-0.000177628
-0.6033570170402527	1.1980030536651611	1.04162741	24.74341011	0.97124028	0.32628779	-0.0360242172	0.0200805659	-0.10822179189999999	0.0816746105	0.0117202656	-0.0718600295	-0.016079539	0.0847837826	0.06433205339999999	-0.0358294459	0.06746247080000001	-0.0995271648	0.00988021	-0.0776769	-0.061089300000000006	-0.000141882	-0.00040591	-0.000177628
-0.17080146074295044	1.4419913291931152	1.14566863	27.21486473	1.0121026	0.05521928999999999	-0.1076990646	-0.10249236070000001	0.063476873	-0.055446817	0.0260593088	0.030006312599999998	-0.0764848559	-0.1165451585	-0.042220849000000005	-0.1055323667	-0.029051961400000003	0.045759092800000005	0.0159295	-0.0736081	-0.077064	0.000361902	-0.000484656	-0.000177628
0.6102648377418518	0.6671196222305298	1.37732303	32.7177124	1.1578927	0.20279939	0.0006596937	0.1977482567	-0.05669094	0.0733932041	0.030918202000000002	0.040576669100000004	0.1512681132	0.0735726741	-0.0169423325	-0.0214495438	-0.0818302686	-0.1440912999	0.00988021	-0.136233	-0.157103	0.00136488	-0.00040591	-0.000177628
0.4609722495079041	0.9657953381538392	1.09858346	26.09637642	1.01019669	0.19669206	-0.0654939539	-0.0289006601	-0.0366226695	-0.0601956083	0.0712491558	-0.0964764393	-0.015497851299999999	0.07257493849999999	0.09315982769999999	-0.0592556318	0.0021037067	0.0658975889	-0.027782099999999997	-0.057576	-0.08772250000000001	0.00151988	-0.000341066	-0.000177629
-0.5509912371635437	1.5769710540771484	1.11867142	26.57355499	0.98524469	0.08802073999999999	-0.0821856995	-0.029942273300000002	-0.0006931844	0.1301872045	-0.09973904550000001	0.008022576600000001	-0.0416234629	-0.0692106703	-0.0161967708	-0.0250750219	0.0030966983000000003	-0.0755211682	-0.00788021	-0.044983300000000004	-0.0571577	0.00172461	-0.000635562	-0.000177628
-0.6668975353240967	2.2520506381988525	1.0341053	24.56472588	0.94107181	0.07419863999999998	-0.14779990699999998	0.0406373895	0.0687020565	-0.0159130279	-0.011381859099999999	-0.111368022	0.0664205882	-0.08726496	-0.0217483367	-0.1270969541	0.0758957086	-0.0211977362	-0.0103418	-0.0563264	-0.0684913	0.000937462	-0.00044150300000000005	-0.000177628
1.5989099740982056	3.9581358432769775	0.99316508	23.59220695	0.91894263	0.05465794	-0.1533366028	0.0244170388	0.040805555	-0.019375824399999998	0.1303460732	0.07505811280000001	0.0378477229	-0.0019491013	0.12326123259999999	-0.14791892140000001	-0.046679480999999995	0.0635458802	-0.00133296	-0.0507699	-0.08503619999999999	0.000716508	-0.00019150299999999999	-0.000177628
0.6715412139892578	3.0411744117736816	1.04067039	24.72067451	0.96546686	0.3059152328	-0.06598894059999999	-0.038459953	0.034975170800000004	0.1307207611	0.2286213939	0.010521364299999999	-0.0500950377	-0.0703207348	0.1251870191	-0.0609144646	-0.130973804	-0.0635020722	-0.00396722	0.026000299999999997	0.041080599999999995	-0.00111474	-0.00019150299999999999	-9.96544e-07
-2.1509079933166504	-2.4985287189483643	1.71992648	40.85610962	1.54984665	0.8260478972	0.060093615499999996	-0.061409363200000004	-0.0166220024	0.0954154795	0.0613132465	0.11898631800000001	-0.0803653934	0.0380506417	-0.0934622496	0.0833433241	-0.11919148119999999	-0.2605573103	0.05481849999999999	-0.0809453	-0.223228	0.00605077	0.000308113	0.000254037
0.7810371518135071	0.2848881483078003	1.80855727	42.96149826	1.56886685	0.2906199	0.0847049613	0.06463126129999999	-0.05988245	-0.006970416	0.0627049712	0.0379828145	0.0486751005	0.1458027333	-0.056814076100000006	0.0511810338	-0.09721936980000001	-0.0048851362	0.045156	-0.19953800000000002	-0.28784899999999997	0.00510295	-0.00033672	-0.00010818399999999999
0.20956432819366452	-0.1965265274047852	1.08121836	25.68387413	1.0293988	0.36206811	0.0606280437	-0.06571107400000001	-0.0962682499	-0.0997850141	0.14383445820000001	-0.0036951883	-0.0782071946	0.1114772856	-0.0565126272	0.0105205074	-0.07807814269999999	0.0752212296	0.00421099	-0.141605	-0.183847	0.00218998	-0.00028832	0.00011420799999999999
0.12118488550186154	-1.408226728439331	0.98992562	23.51525497	0.91458064	0.1369522	0.09563741880000001	-0.0668489508	-0.05080926980000001	-0.047428568399999996	0.015772767	0.2199922859	-0.082858982	0.0322373308	-0.1747031657	0.0651667637	-0.1063537361	0.034469876499999996	-0.00310526	-0.160584	-0.22636900000000001	0.00324198	-0.000376627	-0.00010818399999999999
0.18954366445541385	-2.944206714630127	1.07777536	25.60208702	0.94524097	0.10880803999999998	0.15179415699999999	0.0296467978	-0.0385230631	-0.0452922538	-0.0399523654	-0.0114897073	0.023799482400000002	0.0229753246	-0.2102607772	0.1341307777	-0.0881518962	0.0327401467	-0.013872799999999998	-0.181177	-0.209715	0.00253002	0.00012728299999999998	-0.00010818399999999999
-0.393159568309784	-3.709129810333252	0.96058786	22.81834984	0.91470748	0.06108010000000001	0.1490130907	0.10394165679999999	-0.0193452171	-0.1402855186	-0.0837020929	0.0891492444	0.0906426694	0.1292914416	-0.1098476121	0.1115268221	0.0724889888	0.11669661560000001	-0.013888900000000001	-0.163833	-0.189851	0.00261432	-0.000138257	-0.000235464
0.11007469892501832	-2.1739428043365483	0.97051853	23.05424881	0.9210909	0.09971304999999997	0.11296085460000001	-0.033897024	-0.1213335155	-0.010372204599999999	-0.0690251409	-0.07779973	-0.0547526387	0.1457974633	-0.0184250156	0.0872304974	0.0369538929	0.0350917276	-0.0139575	-0.12013099999999999	-0.17197	0.00216013	-0.00031801599999999996	-0.00010818399999999999
0.4635287523269653	-0.6133042573928833	1.01604676	24.13575172	0.92420435	0.05957815	0.0488096192	-0.11837502189999999	-0.0154063252	-0.156388658	-0.0058187451	0.07195240309999999	-0.1051769053	0.035298937200000005	-0.0866628413	-0.022771780099999996	-0.017291064199999998	0.1688902082	-0.0139469	-0.141427	-0.16666199999999998	0.00185055	-0.000497583	-0.000278308
1.4277005195617676	-0.398246705532074	0.95718944	22.73762131	0.89575237	0.0720104	0.0767642936	0.0181473152	-0.064651033	0.0340857348	-0.0040162798	0.13297242310000001	0.010238648000000001	0.0070940326	-0.12452105529999999	0.0545077796	-0.1512124234	-0.0033343705	-0.0139577	-0.174112	-0.178298	0.00147452	-0.00042887	-0.00016947900000000002
0.9065817594528198	-1.2120587825775146	0.99439579	23.62144279	0.92088133	0.07963590000000001	0.09190723630000001	0.0733586014	-0.0239326431	-0.1371696368	0.058446830400000004	-0.0941976858	0.0849089151	0.0643820453	-0.0687327906	0.0430528883	-0.0698114928	0.1025981039	-0.0138874	-0.14761	-0.16433	0.00105119	-0.000340707	-0.00043989800000000004
1.041712999343872	-1.87932550907135	0.91492468	21.73364067	0.88721025	0.07066759999999998	0.12437454449999999	0.061590277400000004	-0.09501765300000001	-0.0212035213	-0.0540908933	0.051922700999999995	0.0250969502	0.1397824933	-0.013734391	0.1016856731	-0.0410492746	0.0818823411	-0.013983500000000001	-0.130882	-0.191991	0.00108625	-0.000497583	-0.00010818399999999999
0.3026987612247467	-0.6135477423667908	1.04637158	24.8561039	0.95345497	0.1157068	0.0689915079	-0.0974451995	-0.1031333399	-0.08606342310000001	0.012014526499999999	-0.0770914733	-0.11180713519999999	0.0773579893	-0.0341081493	0.0199161505	-0.0152156017	0.0705685424	-0.022885299999999997	-0.09249500000000001	-0.126943	0.00101885	-0.000497583	-0.00010818399999999999
0.21975138783454892	-0.35906147956848145	1.02905905	24.44485283	0.9406758	0.1884845	0.0211031075	-0.0751182236	-0.014787392199999999	-0.08385212480000001	-0.037704449300000005	0.1874283443	-0.041037444900000004	-0.0263287896	-0.14435629349999998	-0.0093307488	-0.0621553864	0.072633388	-0.0139528	-0.181361	-0.14155299999999998	-0.00039348199999999996	-0.000497583	-0.00021737200000000002
0.6189817786216736	-1.2655860185623171	1.5060426	35.77539062	1.22532225	0.2034277	0.0812514813	0.1909206732	-0.1067477367	-0.0327565245	-0.015382994799999999	-0.056781911500000004	0.1360327918	0.1514620552	-0.0525402046	0.0333309285	-0.0269025608	0.019970093300000002	0.004628	-0.19861600000000001	-0.23198400000000002	0.000925448	-0.000612683	-0.00010818399999999999
0.5916374325752258	-0.3822545409202576	1.25713253	29.86264038	1.1163764	0.13464654999999998	-0.0017447403	-0.0446383382	-0.11347754460000001	-0.15819609710000002	-0.04919642230000001	0.023284883399999998	-0.0800117242	0.1797661489	0.0237570549	-0.035600638999999996	0.0619556858	0.129660587	0.0222261	-0.161189	-0.173913	0.00111605	-0.000434159	-0.000170067
-1.2701184749603271	0.011330842971801758	1.30422604	30.98132706	1.13857675	0.28630095000000005	-0.0666840378	-0.045580837199999995	-0.029337645	0.082738857	-0.1912222214	-0.0559456791	-0.07316877349999999	-0.014712993999999998	-0.045051607800000004	-0.0213146621	0.0644304659	-0.09133173650000001	-0.0138029	-0.0651049	-0.111608	0.00259452	-0.00025609900000000003	-0.00035119400000000004
-0.02945750951766968	0.7506803274154663	1.00398123	23.84914017	0.94058257	0.1428575	-0.1507927551	0.0245935725	0.11026813630000001	-0.08549170769999999	-0.1215339517	-0.057819367	0.0386976199	-0.10132141	-0.0634641572	-0.1030223158	0.08691556019999999	0.052688848600000004	-0.036739	-0.044623699999999995	-0.07984830000000001	0.00183686	-0.0007697889999999999	-0.000433454
1.6495580673217771	1.9253937005996704	1.15816247	27.51164818	1.02412558	0.1717041	-0.1168335601	0.09190188269999999	-0.0866324535	0.0828341378	-0.048369267599999995	0.0695669415	0.0628509648	0.1030946668	0.092711625	-0.0633370395	-0.0388441837	-0.0378262102	-0.015268	-0.09420310000000001	-0.13531500000000002	0.00195808	-0.00131624	-0.000197385
1.87947690486908	2.626901388168335	1.26062799	29.94567299	1.0585866	0.1090454	-0.0920280948	-0.1154499584	-0.08447628480000001	-0.0460013839	0.047733171	-0.0387888287	-0.12294737300000001	0.0264522429	0.0088342378	-0.0996298516	-0.1401402704	0.0800704319	-0.0109681	-0.129205	-0.17746900000000002	0.0019445999999999999	-0.00152895	-0.0005229869999999999
1.0501916408538818	0.4668979048728943	1.34364581	31.91772461	1.12389576	0.13063406000000002	-0.009735661500000001	0.1483392458	-0.0914858443	0.010949938999999999	-0.0557741199	-0.0376615587	0.1137644459	0.1141004759	-0.0661462153	-0.0060270797	-0.0973517059	-0.06423307980000001	0.00453836	-0.173038	-0.23144499999999998	0.00194403	-0.00120749	-0.000547329
-0.7769573926925659	0.9118138551712036	1.19518507	28.39110374	1.05505788	0.35601981	-0.1029361847	-0.0673303827	-0.0630654886	-0.115272485	-0.0796752467	0.051451924	-0.0983816469	0.0366733492	-0.0412416898	-0.10645674720000001	0.0750589851	0.0985192436	-0.034386599999999996	-0.061157100000000006	-0.08834149999999999	0.0009126589999999999	-0.00137087	-0.0005947869999999999
-0.4139208793640137	0.38651490211486816	1.16344571	27.63714981	1.02820086	0.29440155000000007	-0.0612680383	-0.0316932824	-0.039768611	0.0734821554	-0.1199182998	0.061622576299999995	-0.0438756896	-0.049882605999999996	-0.1286082883	-0.0639961725	-0.0191008806	-0.10250670699999999	0.0233423	-0.137676	-0.16278099999999998	0.00183605	-0.00179933	-0.000232353
-0.30039605498313904	0.6763405203819275	1.43106914	33.99443054	1.19901621	0.12207735	-0.0448034243	0.1662457736	0.0024842097	-0.1368749426	0.01017202	-0.053777364	0.1535538826	0.050687794	-0.0783255159	-0.1081504741	0.08595779320000001	0.0859169664	0.07270689999999999	-0.117846	-0.156137	0.000951241	-0.00179933	-0.000192387
-1.2574889659881592	0.8982340097427368	1.0841254	25.75292969	1.01595807	0.34775219	-0.054321757699999994	0.0290290433	-0.0837697911	0.10412100279999999	-0.0628983015	-0.09378160869999999	-0.0051799179999999995	0.0736437662	0.0838451556	-0.025896986099999998	0.1452002482	-0.14114940880000001	-0.0090198	-0.00917736	-0.0766957	0.00160785	-0.00100214	-0.000296899
-0.6780217289924622	1.5369975566864014	1.05853748	25.14510155	0.94705284	0.036956	-0.11752483400000001	-0.1201159876	0.017804936299999997	-0.07088134230000001	-0.0076667538	-0.0571739832	-0.110192629	-0.0564553803	-0.0051301102	-0.1097908076	0.0618252138	0.0691735432	-0.00904348	-0.00584154	-0.0524252	0.00158826	-0.00116907	-0.000296899
0.2688160538673401	1.1396894454956057	0.98975176	23.51112556	0.92277867	0.15036657999999997	-0.0394933613	0.021935226000000002	0.0175263397	0.08911743050000001	-0.0343847897	0.10604648	0.0279330988	-0.05037465730000001	-0.0315353232	-0.0389217551	-0.0204662655	-0.0700760711	-0.0218801	-0.082044	-0.0998684	0.00162314	-0.000926264	-0.000296899
0.8816084861755371	-0.21147620677948	0.98593932	23.42056274	0.91857713	0.1618829	0.030236272	0.032089430499999995	0.09163368	-0.0192586693	0.1022056313	-0.098769254	0.070479421	-0.0592032577	0.0230590604	0.0158340443	-0.0587455627	0.0327124321	-0.0211005	-0.0205255	-0.025636799999999998	0.00174215	-0.0008016869999999999	-0.000560376
-0.01475444436073303	-1.1420485973358154	0.97868282	23.24818802	0.92454356	0.1065303	0.1066095525	-0.024194734	-0.0589199928	0.07866313309999999	0.021014147400000002	0.030988808	-0.0368549144	0.057665675599999994	0.0497103556	0.1305473445	-0.0337645926	-0.053688172699999995	-0.042480699999999996	-0.044303300000000004	-0.058934900000000005	0.00204873	-0.0008016869999999999	-0.00081528
-0.3601529896259308	-1.326099872589111	0.8795169	20.89254379	0.85822588	0.07906159999999998	0.0722467076	-0.09347857650000001	0.009315399399999999	-0.1102505741	0.033996534700000004	-0.0245388896	-0.0846761977	0.0166979997	-0.0221969154	0.0334217937	-0.015157083799999999	0.09517692400000001	-0.042480699999999996	-0.0823979	-0.0980529	0.00201175	-0.0008016869999999999	-0.00081528
0.03340113162994385	0.11545909941196443	0.9488017	22.53837395	0.8799445	0.047021699999999986	0.0476989913	-0.0761082513	0.035354159700000005	-0.027706589700000003	0.009118041700000001	0.21817768140000002	-0.06521227639999999	-0.051524470999999995	-0.0754869943	0.07290740379999999	-0.063269138	0.0324888435	-0.049338	-0.11236700000000001	-0.0963706	0.00218201	-0.0008016869999999999	-0.00081528
0.7492818832397461	0.7963369488716125	1.00678134	23.91565704	0.92055804	0.1023697	0.0753027658	0.0332226527	-0.012429426	0.104331494	0.025145487	0.0541492858	0.027360781299999998	-0.0276371048	-0.0753649985	0.059682872000000005	-0.1082443525	-0.07552611070000001	-0.051253999999999994	-0.115852	-0.15331199999999998	0.0019847000000000003	-0.00122219	-0.000632547
1.3178237676620483	-0.17775346338748932	1.00882185	23.96412849	0.93413258	0.05811475000000003	0.0982292918	0.07059405349999999	0.0206094373	-0.1080075006	0.1079276032	-0.09145108119999999	0.0844672153	0.0708083196	-0.0324499115	0.0416295006	-0.0666131326	0.1466502288	-0.0425281	-0.136767	-0.147333	0.00234782	-0.00122219	-0.0007193239999999999
1.2316415309906006	-1.2458990812301636	0.96678382	22.9655323	0.91143358	0.1337708	0.08639548179999999	-0.0051082804999999995	-0.032628802799999995	-0.0348181289	0.011798605	0.1092098141	-0.0351503389	0.0917681762	0.043475538200000004	0.0765296559	-0.048312194100000004	0.1281158844	-0.050816599999999996	-0.0765205	-0.09842569999999999	0.00202125	-0.00122219	-0.0007193239999999999
-0.0994747430086136	-1.9951969385147093	0.99029905	23.52412605	0.91246057	0.04230550000000001	0.09455629970000001	-0.10216348210000001	-0.045120027400000005	0.042814625499999995	-0.066918258	-0.080923749	-0.0970098015	0.0063600752	-0.0431119371	0.1066748571	-0.0443533697	-0.022819864500000002	-0.06630069999999999	-0.07903049999999999	-0.08542280000000001	0.0019142	-0.00134131	-0.0007193239999999999
0.6460691094398499	-1.999621868133545	0.98097938	23.302742	0.9142499	0.136169	0.0496192378	-0.035270242599999994	0.1328411487	-0.1135748382	-0.08559123710000001	-0.014297109399999999	-0.0029154968	-0.1103137035	-0.0741200197	0.0786525768	0.0042904985999999996	0.15185125230000002	-0.0847601	-0.0515415	-0.021659599999999998	0.00158909	-0.00134247	-0.000922202
1.2323722839355469	0.1846739500761032	0.87480807	20.78068733	0.87583232	0.0654915	0.009024126300000001	0.0309362173	0.1054622399	0.0109926894	-0.0096103629	0.1108788469	0.0777218875	-0.0862253301	-0.0032593611999999998	0.035920406	-0.0670100975	0.0457063475	-0.0647513	-0.0354277	-0.017497099999999998	0.00129637	-0.00133394	-0.0007193239999999999
2.2248032093048096	0.2531250417232513	0.94140571	22.36268616	0.8939029	0.07430099999999999	0.047555446900000006	0.0641589332	0.0002155436	0.1044948883	0.0294768792	-0.0015394776999999998	0.0777172501	0.0450148377	0.12210794330000001	0.0721805466	-0.09553827779999999	-0.014195126399999999	-0.0559746	-0.041982900000000004	-0.0488959	0.00149212	-0.00131989	-0.00106093
1.7809550762176514	-0.3713560104370117	0.961797	22.8470726	0.90812087	0.1548965	0.0457134687	-0.0845493873	0.028491991600000002	0.0106659501	0.0818861221	-0.1381783199	-0.0568562304	0.0079682271	0.143690675	0.0484714226	-0.1187968359	0.0563179755	-0.061891699999999994	0.0151545	0.024541099999999996	0.0013570000000000001	-0.00122219	-0.00119621
-0.10912121832370758	-1.6176632642745972	0.94242591	22.38692093	0.87562126	0.06847679000000001	0.0354079214	-0.09002153	0.10533311390000001	-0.037023537	-0.0343406596	0.09176816199999999	-0.0785116758	-0.07654508480000001	0.023232423500000002	0.0683080421	0.0009993973	0.052516214400000004	-0.061908000000000005	-0.011039	0.00282561	0.0013709000000000002	-0.00145048	-0.00102737
0.06659841537475586	-1.947100281715393	0.93853384	22.29446602	0.8714202	0.05983834	0.0621769387	-0.0017368731	0.0514547065	0.1072529831	-0.10258005960000001	0.041197677599999996	0.0012223839	-0.0975158718	-0.0302951427	0.08712231470000001	-0.012050343100000001	-0.0333117195	-0.0619139	-0.019252900000000003	0.0208577	0.00129903	-0.00179176	-0.000768791
-0.2545081377029419	-1.8278679847717283	0.9818629	23.32372856	0.89653599	0.062492470000000015	0.050853913099999995	0.0440014165	0.07633195799999999	0.0213788814	-0.0323885743	-0.15192949220000002	0.0959250602	-0.0669901931	-0.015621723600000002	0.0810582292	0.0232454391	-0.0231488268	-0.0618716	-0.0360443	-0.00221092	0.00104072	-0.00190824	-0.0008458039999999999
0.4984820187091827	-1.8738577365875244	1.08819592	25.84962273	0.96129751	0.14811774	0.038331012000000005	-0.0053629737	0.0563030175	-0.0939200909	-0.021793406	-0.0367992626	0.0144965844	0.0218475611	0.1232751923	0.0531018498	0.08832505759999999	0.1494817999	-0.07806	0.00101707	0.035777800000000005	0.000366147	-0.00153923	-0.0009398060000000001
-0.277885764837265	-1.52446186542511	1.24368179	29.54312515	1.05459261	0.17186922	0.0314830729	-0.12197688179999999	-0.0493132674	0.0779699831	-0.1623145809	-0.0072941358	-0.142176369	0.0082328145	0.011958268400000001	0.074849346	0.0417377248	-0.0344739093	-0.0608651	-0.0657438	-0.0338518	0.000454662	-0.00179593	-0.000960268
-0.6605767607688904	-2.1035327911376958	1.37586033	32.68296814	1.17497873	0.1767273	0.005463267	0.12934948640000002	0.0782863854	-0.1263357268	-0.1337945716	-0.0933574105	0.1565138646	-0.0070488429	-0.0585223553	0.0014053809	0.1447161013	0.0930010328	-0.051709000000000005	-0.128634	-0.09165219999999999	0.00103776	-0.00159989	-0.000801794
-1.073053002357483	-0.2040269821882248	1.28956425	30.63304138	1.13155723	0.11112929999999999	-0.0259843975	-0.048830682599999994	-0.2020871704	0.008149179599999999	-0.1913543022	-0.0553680703	-0.09726579689999999	0.1426442202	-0.0211173206	-0.0253604667	0.1437354238	-0.048877631	-0.036789300000000004	-0.11818800000000002	-0.132927	0.00148291	-0.00150919	-0.00115572
-0.7347356677055359	0.7321609258651733	1.18197191	28.07723236	1.05746198	0.05965775	-0.1438019967	-0.0426736401	0.0699051765	-0.09322832519999999	-0.1396655239	-0.0448380778	-0.0116726543	-0.0777907028	-0.1098314088	-0.1324744786	0.0703197181	0.0655900007	-0.05820940000000001	-0.100566	-0.125153	0.00146934	-0.00158216	-0.0009854269999999999
-0.20946767926216125	2.1780533790588383	1.03506482	24.58751678	0.96060526	0.22914175	-0.1456525975	0.1238418994	0.044963079100000004	0.11271928810000001	-0.1274929281	0.06605445389999999	0.134563047	-0.073672273	-0.0023912648	-0.086794329	0.082429302	-0.06822730490000001	-0.07831089999999999	-0.00272975	-0.043305300000000005	0.00152007	-0.00113816	-0.0008930310000000001
1.7265669107437134	3.039717435836792	0.92704314	22.02150917	0.91782671	0.07705236	-0.146591576	0.0441224042	-0.0332354014	0.1176780608	0.0460884418	-0.12352913689999999	0.044672446	0.0309380963	0.1474585619	-0.09817894419999999	-0.03824011	-0.0909575319	-0.0782962	-0.00467766	-0.0880994	0.00111581	-0.00113816	-0.000691378
1.9322547912597656	2.706374168395996	1.05883729	25.15222168	0.95348531	0.21704603	-0.11946974689999999	-0.0804802724	0.0705566661	0.010023773599999999	0.1327145827	0.0288265404	-0.038815250600000004	-0.0513875604	0.16479837960000002	-0.08919380730000001	-0.1192496785	0.0850549543	-0.0790043	0.0589605	0.00903397	0.00156247	-0.00153071	-0.0009634960000000001
1.097537398338318	0.08836275339126587	1.02190137	24.27482605	0.95146441	0.12528812000000003	0.0040367207	-0.0631011024	0.029761405299999998	0.1570335927	0.052577930999999994	0.0706187737	-0.051411621	-0.08050662230000001	0.0296299452	0.0492881992	-0.18444992010000003	-0.143741936	-0.0828138	0.0013073	-0.020964700000000003	0.00181745	-0.00113816	-0.0009344910000000001
0.03998065739870072	-1.5417335033416748	1.07187545	25.46193886	0.96703589	0.08826942999999998	0.0503069277	0.046542922599999995	0.1183533787	-0.0018313872	0.0722753901	-0.027042930099999998	0.08448174970000001	-0.0729342598	-0.0235458573	0.0524452292	-0.026507914900000002	0.0410621241	-0.0972756	-0.039350199999999995	-0.00124012	0.00156745	-0.00113816	-0.000953002
-0.6121195554733276	-2.5052037239074707	0.93038607	22.10091972	0.88809222	0.06262391000000002	0.1046461987	0.061746184800000006	0.0087916646	0.0791868988	-0.024608401000000002	-0.0550153905	0.052975147400000006	0.0399412031	0.0942116533	0.1311779945	0.10402983460000001	-0.1116872142	-0.0911401	-0.010579700000000001	-0.00233183	0.00143159	-0.00146852	-0.000886698
-1.3413681983947754	-1.2922214269638062	0.98941404	23.50310326	0.91016525	0.09557953	0.029712731699999998	-0.0874942801	0.0817011787	-0.0621060497	0.067008608	-0.053226511799999994	-0.0821284426	-0.0161810127	0.0764547965	0.0252989675	0.0920510256	0.0480308043	-0.0972822	0.0285363	0.0174327	0.0018742999999999998	-0.00159172	-0.00084147
-1.3500968217849731	-0.6424715518951416	0.99221355	23.56960487	0.91469228	0.14856825	0.0457769316	-0.0920592494	0.0602972283	0.0680655406	-0.0375940366	0.13700719320000002	-0.0887385272	-0.10944026949999999	-0.0737163703	0.0808534187	0.035068495400000003	-0.0142177799	-0.11454600000000001	-0.0236512	-0.028715699999999997	0.00178637	-0.00113816	-0.0009593510000000001
-0.2839352488517761	-0.9250946640968324	1.12931108	26.82629776	0.99466616	0.07847426	0.06430068950000001	0.0348187229	0.0843479519	0.08547283289999999	0.010327596999999999	-0.0817792852	0.0612319079	-0.10274655460000001	-0.072415305	0.0896412505	-0.0321038782	-0.0700560789	-0.09720039999999999	-0.0259803	-0.00296964	0.00164826	-0.00162052	-0.000999951
-0.953552544116974	-2.0977325439453125	0.97821528	23.23708153	0.90272945	0.0634862	0.0730813276	0.0747232243	0.11097617130000001	-0.043866834400000006	-0.014427337	-0.0018005069	0.0862591841	-0.012561976	0.0230160334	0.1033732913	0.1281739566	0.0527384864	-0.088576	-0.00496171	-0.015042400000000001	0.00201268	-0.00155234	-0.000997142
-0.6425790190696716	-1.2333219051361084	1.09653533	26.04772186	0.98646653	0.10672361	0.08147594450000001	-0.0636900364	-0.0664638432	0.0842376545	-0.0606719784	-0.0355692729	-0.0794213929	0.0866855809	0.09770241810000001	0.109943408	0.0985786849	-0.0127337431	-0.108072	-0.0047926	-0.046934500000000004	0.00247814	-0.00100773	-0.0010904000000000003
-1.8359999656677248	-1.6347805261611938	1.16498053	27.67361069	1.04047179	0.1964702	0.030727781099999997	-0.1813724975	0.0351837138	-0.0701141983	-0.0704849208	-0.0397039338	-0.1587294604	-0.0795932447	-0.1072938485	0.030018412999999997	0.1023293483	0.0433603037	-0.07201260000000001	-0.0712414	-0.10535599999999999	0.00215485	-0.00099222	-0.00146241
0.13702188432216644	-0.18620243668556213	1.39343286	33.1003952	1.18710864	0.09068289999999998	0.023725360499999997	0.1434191222	0.0444082506	-0.0041691269	-0.0931701647	0.1168695265	0.12799165199999998	-0.0419589428	-0.12478855300000001	0.0459694372	-0.0107497024	0.0252148104	-0.05431180000000001	-0.10488399999999999	-0.12904000000000002	0.00213295	-0.00096625	-0.00119717
-0.20801043510437006	0.5226905345916748	1.02313805	24.30420113	0.9393478	0.23701065	-0.028571755	0.054348018	0.0141780738	0.0298216952	-0.0554039113	-0.1712295832	0.0569811831	0.0064779278	0.07851125839999999	0.0101654103	0.1020093116	-0.026423546800000003	-0.0751021	-0.0125001	-0.0278666	0.00173202	-0.0009663610000000001	-0.00114495
1.466549515724182	2.508622169494629	1.09160817	25.93067932	0.951258	0.06763074999999999	-0.0966351792	-0.0721639773	0.0279993202	-0.0517258545	0.0128010668	0.0505645148	-0.061381858600000005	-0.0032973173	0.1160890017	-0.0364054841	-0.027103111800000003	0.1314126166	-0.0875215	0.014894	-0.0226783	0.00194709	-0.00119625	-0.00115257
0.4757652580738068	0.8347636461257935	1.05811906	25.13516235	0.96335053	0.15085525	-0.0178931062	-0.0737226892	0.0122385369	0.1574831857	-0.0345651471	0.028421435800000002	-0.0502363212	-0.0738318734	-0.0279267252	0.0279244948	-0.07241833889999999	-0.1303871957	-0.0538366	-0.0439975	-0.043762300000000004	0.00190313	-0.00171706	-0.000973443
0.8940995931625366	0.4639447033405304	1.45273972	34.50920486	1.19695354	0.26716227000000003	-0.0082189223	0.1619573512	-0.0174528916	-0.1137857744	-0.0122960926	-0.0131895232	0.1446656359	0.08314709070000001	-0.0379881258	-0.0233374728	-0.0314331309	0.092934962	-0.00240883	-0.106589	-0.147375	0.00125511	-0.00153132	-0.000816597
-0.3857471644878388	1.268479824066162	1.19982469	28.50131798	1.05852199	0.39678405	-0.0510151897	-0.037290616400000004	-0.0823385079	0.0909533371	-0.1256712197	-0.09295966130000001	-0.068919754	0.055131321	0.0692062845	-0.0120387069	0.0606292416	-0.0609481908	-0.06384730000000001	0.033111800000000004	-0.00944937	0.00175694	-0.00121474	-0.00115257
-0.2512872815132141	2.5680100917816158	1.02708614	24.39798737	0.97023708	0.06814122999999997	-0.1381771453	-0.057291767	0.1407932853	-0.0441892093	-0.020359811999999998	-0.0657374035	-0.0041499313000000005	-0.1469931023	-0.012132368000000001	-0.1121633097	0.0506907579	0.041728803700000004	-0.055746699999999996	0.013652100000000002	-0.0123278	0.00129976	-0.0010084	-0.00106204
0.5209899544715881	2.4584214687347408	1.03352082	24.55084038	0.94672692	0.05177313	-0.0646391788	0.0866190723	0.0763783303	0.1155801847	0.054473115	0.1133832335	0.10018133800000001	-0.081348497	0.044377054900000004	-0.0100289102	-0.0202201301	-0.0486381838	-0.0638614	0.0153363	0.00137693	0.00101939	-0.00116103	-0.00119443
1.3147516250610352	1.367815017700195	0.9630248	22.87623787	0.9090789	0.07197968999999999	0.019219618600000002	-0.012572366399999998	0.044654598200000006	0.0391309252	0.13357068519999998	-0.1037898852	0.0161168759	-0.0048717842	0.1551022466	0.030745002599999998	-0.0813823424	0.0380336259	-0.0638518	0.032935400000000004	-0.00306341	0.000420715	-0.000911032	-0.00134437
0.9126514196395874	-0.3660410642623901	0.94867176	22.53528786	0.88196981	0.07626376	0.0727378082	-0.023315772000000002	0.041729174300000005	0.0617549987	0.0259071821	0.0933078735	-0.0163448105	-0.0070360318	0.1171707019	0.0967763527	-0.036177307799999996	0.0326677639	-0.0638394	0.03453780000000001	0.018753400000000003	0.00100608	-0.00137613	-0.00133819
-0.8466875553131104	-1.2692086696624756	0.92717576	22.02466011	0.86715531	0.08116235	0.0847774325	-0.09761214050000001	0.0584732846	0.0379195749	-0.013194826699999999	-0.055726898	-0.0831578083	-0.0817183154	0.007214054300000001	0.1019385932	-0.0010320415	-0.0311310011	-0.059366300000000004	0.0298592	0.029712400000000003	0.000427705	-0.000911032	-0.00151575
-0.3015831708908081	-1.4534430503845217	0.8962971	21.29115105	0.85389602	0.06907816	0.057670050199999996	-0.0299110127	0.1545157569	-0.019792442900000002	-0.0495673387	0.10151781369999999	0.0172072656	-0.11176309970000001	-0.049719251799999996	0.0918175824	0.0269972982	0.054307677	-0.0638346	0.00798714	0.0677607	0.000333915	-0.000911032	-0.00151575
-0.21674489974975586	-1.201703429222107	0.93237722	22.14821815	0.86639673	0.048379459999999985	0.0982611861	0.060103913499999995	0.0795931975	0.11300505429999999	-0.036074771299999996	-0.0174155332	0.066643423	-0.06460257259999999	0.0314118724	0.1119831167	0.0626305862	-0.0289067824	-0.0672547	0.018015599999999996	0.0561847	0.000699465	-0.00101258	-0.00151575
0.9684351682662964	-0.7219364047050476	0.88121372	20.93285179	0.85740638	0.0871607	0.08157124360000001	-0.0314669002	0.0686204037	0.0132340099	0.020996697	-0.14762062410000001	0.010790905200000001	-0.0066994461	0.1071695484	0.0925131741	-0.0130881496	0.0438495153	-0.0751312	0.03621869999999999	0.0289226	0.000333915	-0.00132341	-0.00151575
1.0942280292510986	-1.0972108840942385	0.97709805	23.21054268	0.88642567	0.015068099999999994	0.054135517800000005	-0.0889357177	0.0641811998	-0.0670610182	-0.040061619300000004	0.056136172000000005	-0.0617198708	-0.0178317927	0.0941537868	0.0660358251	-0.031142135699999997	0.14031088390000002	-0.07344969999999999	0.0364286	0.035402300000000005	0.000333915	-0.00145735	-0.00151575
0.8305556178092957	-1.3426636457443235	0.94647646	22.48313904	0.88417566	0.12874475	0.0791167882	-0.07228820400000001	0.062283104699999994	0.0952077353	-0.1282053591	0.0457880021	-0.05270305559999999	-0.1039104416	-0.0064349357999999995	0.1179184208	-0.0570210029	0.043751056100000005	-0.09804969999999999	0.0160862	0.0167507	0.00117087	-0.00132341	-0.00118363
0.5667610764503479	-1.5511900186538696	1.08321679	25.73134613	0.97353959	0.12644455	0.0752395632	0.0312427781	0.1234569941	0.056618170700000005	-0.0719738744	-0.1569034128	0.0762971541	-0.116169879	-0.0021494088	0.1197395416	-0.0603867448	-0.0262202266	-0.100384	0.0346509	0.07136369999999999	0.00055071	-0.00132341	-0.0007851389999999999
-0.6400876641273499	-2.059399127960205	0.96117514	22.83230019	0.88943934	0.17711974999999996	0.0486428148	0.0389287997	0.1744691768	-0.040842577000000005	-0.0717821981	-0.0502216051	0.0777423617	-0.0936035697	0.10322054050000001	0.1173711594	0.1405891999	0.056348449800000006	-0.102187	0.0944493	0.131985	-0.000176675	-0.00106939	-0.000901675
0.2123897820711136	-0.5275080800056458	0.96816039	22.99823189	0.90637201	0.13478615	0.0137310718	-0.031630770600000004	0.06732892929999999	0.1225739059	-0.07917286379999999	0.0137048947	-0.0069169149	-0.045033485199999994	0.17275836449999998	0.08217225709999999	0.0694544521	-0.0242807797	-0.105609	0.10945999999999999	0.104122	0.000502769	-0.00193146	-0.00067338
-0.8522469997406006	0.1947516053915024	1.00681674	23.91649628	0.92054927	0.06628145	0.0089929372	-0.11058760960000001	0.0799047443	0.09796661710000001	-0.010187423900000001	-0.1262013451	-0.10281142	-0.11716698029999999	0.0497340685	0.06840263860000001	-0.0023095467000000002	-0.060538549000000004	-0.115024	0.10732	0.0857406	0.000586732	-0.00136342	-0.000748278
0.3938461244106293	-1.029033660888672	1.12931621	26.82641792	1.01018965	0.2510643	0.0222894062	0.0462111724	0.1912781775	-0.0163691778	-0.0553850484	-0.0128025945	0.09977424130000001	-0.1379127474	-0.0301005277	0.0508999797	0.0051103767	0.044515655099999996	-0.0820071	0.0201258	0.029295599999999995	0.00186041	-0.00151561	-0.000685982
-0.6557760238647461	-0.6775014996528625	1.12164438	26.64417839	1.0016762	0.1892443	0.0323150125	0.0492839217	0.035978830499999996	0.0905393956	-0.1256933769	-0.0210641093	0.0384792981	0.004843981	0.0972256919	0.0625120928	0.1206803614	-0.0330803263	-0.102593	0.0750044	0.0637307	0.00040508	-0.00149816	-0.000800096
-1.6968532800674438	1.2781566381454468	1.42508185	33.85220337	1.17024994	0.15485185	-0.056722396900000006	-0.16657729400000001	-0.021106941299999998	0.0825611598	-0.0875755449	-0.0788246656	-0.1771741451	-0.07075533440000001	0.045352471500000005	-0.0266547364	0.09687720640000001	-0.0976771786	-0.0817933	0.0316267	-0.0149215	0.000554386	-0.00154181	-0.000847585
1.3371427059173584	0.7559094429016113	1.24777603	29.64038086	1.11934137	0.3295153	-0.0741406659	0.0037273465999999996	0.0559981081	-0.092648525	-0.0084447848	-0.0274522198	0.0292016146	-0.10116930710000001	-0.0822515147	-0.11038144470000001	-0.0779084108	0.0566081634	-0.06716119999999999	-0.123352	-0.0992291	0.00030568	-0.00269847	-0.000741013
1.9054404497146609	3.203144788742065	1.45598924	34.58639526	1.21928608	0.21928245	-0.08107523900000001	0.1042785756	-0.14877160609999998	-0.0860903157	0.024343623199999997	0.16814630579999998	0.0521883287	0.1565434561	-0.0016339078	-0.1251261691	-0.08604967289999998	0.0436689124	-0.013568200000000002	-0.152395	-0.188394	0.000529425	-0.0031858	-0.000502457
-0.18184038996696472	1.76488196849823	1.32069004	31.37242126	1.11816001	0.35549169	-0.1247353715	-0.0213176813	-0.0660819465	0.07966877509999999	-0.0867976541	-0.0567503272	-0.0510598409	-0.0122764574	-0.0068793631999999995	-0.0915333394	-0.0027708885999999998	-0.1298484275	-0.0432624	-0.00511671	-0.0731085	0.000427992	-0.0024024999999999997	-0.0008823980000000001
0.4394358992576599	2.8075761795043945	0.98655325	23.43514633	0.94117093	0.22530886	-0.2128168628	0.0308340983	0.0825586321	-0.0368998997	-0.06754272509999999	-0.0414364941	0.06762331049999999	-0.12493680869999998	0.0064102937	-0.15803624130000002	0.0179437926	0.0089576054	-0.09018380000000001	0.0437477	0.00300995	-0.000379967	-0.00215486	-0.000869905
1.5369694232940674	3.5435078144073486	0.95619637	22.71403122	0.93047684	0.04912220499999999	-0.1886746718	0.08363122099999999	0.1048209351	-0.0116845153	0.1060292372	0.039675079	0.1255549251	-0.0706433224	0.127224111	-0.1560695709	-0.0124801264	0.0442074335	-0.0901564	0.0463669	-0.00612006	4.9739899999999995e-05	-0.00222812	-0.00062596
1.8611266613006592	2.5508017539978027	0.9790535	23.25699234	0.94381398	0.070606345	-0.0634129578	0.0228253306	-0.044621810899999996	0.1592168239	0.17655164269999998	-0.0117931346	0.027404881699999998	0.0368286315	0.1912214022	-0.0148518075	-0.13822758289999998	-0.1128722569	-0.0996754	0.0491713	-0.026098700000000002	0.000224193	-0.0018652	-0.000854673
0.8185845613479614	0.3599143624305725	0.97105163	23.0669117	0.90729755	0.07186560000000002	-0.005869552199999999	-0.0397092982	0.0500995472	-0.020713678	0.1805796235	-0.0021201701000000002	-0.0356456818	0.0178597164	0.1464052063	-0.0101431935	-0.0724452433	0.1075572626	-0.0841788	0.0223593	-0.0117116	0.000413063	-0.0019499000000000003	-0.000824845
-0.20375490188598636	-1.1390173435211182	0.96725762	22.97678757	0.90495199	0.12094790000000002	0.061589975400000004	-0.0729286859	0.0272954377	0.1024444922	0.0584312855	0.09720133730000001	-0.0756610668	-0.06598578440000001	0.024857456	0.0560331027	-0.049652086799999995	-0.0610329954	-0.0963172	0.0545781	0.05427280000000001	0.00029069400000000003	-0.00192114	-0.000763848
-0.6229449510574341	-1.3773900270462036	0.90480834	21.49333191	0.87214965	0.11457219999999997	0.07533915320000001	-0.023558109700000003	0.056583321799999996	0.07426917820000001	0.05016633190000001	-0.07157054980000001	0.008102246	-0.0935769152	-0.0150099259	0.1014035707	-0.047977703499999996	-0.0887871792	-0.10311400000000001	0.0063828	0.026638	0.000751846	-0.00179421	-0.0007130239999999999
-1.7816369533538818	-2.307291030883789	0.92084074	21.87417412	0.876531	0.04151705	0.07252164030000001	0.0202208479	0.1512915024	-0.0654470811	0.057130766900000005	-0.0351167754	0.0450957684	-0.11371342820000001	-0.0504584793	0.07607146349999999	0.10907014039999999	0.07136464349999999	-0.10315	0.0201543	0.0358842	0.000721305	-0.00209621	-0.00074975
-0.2013762891292572	-2.002511739730835	0.83172512	19.75727081	0.85379273	0.04687249999999999	0.080207011	0.056014407	0.0692783148	0.0059475079	0.020848485	0.106794031	0.068950289	-0.0034050394	0.07227909610000001	0.0863307296	0.0909325862	0.0200709855	-0.103144	0.028194900000000002	0.016881200000000002	0.0007035489999999999	-0.00195441	-0.000986652
0.5505151748657227	-1.0360504388809204	0.9194622	21.84142685	0.87844425	0.05583959999999999	0.0820029462	-0.0319704569	0.0047364042	0.12937175210000001	0.015472773899999999	-0.0441194039	-0.0278584603	0.0173644337	0.1357663984	0.09063008980000001	0.0251230118	0.0033187169	-0.103153	0.044929199999999996	0.0358985	0.00063597	-0.00204428	-0.0007425210000000001
0.2640156149864197	-1.0499356985092163	0.90632898	21.52945328	0.88191706	0.023892649999999994	0.06417639929999999	-0.125913042	0.0021047666	0.0823372621	0.07234522410000001	-0.0818341417	-0.1007665394	-0.0240503519	0.06366926269999999	0.0890637682	-0.058884392599999995	-0.0216173635	-0.103157	0.0467535	0.036885900000000006	0.0006869589999999999	-0.00190283	-0.0009716210000000001
0.8611218929290771	-2.012856721878052	0.88088059	20.9249382	0.86563975	0.0406261	0.0579867957	-0.0667151691	0.1398640577	-0.0366334123	0.0280921065	-0.06676866769999999	-0.020625261399999997	-0.12203071880000001	0.0024034109	0.0834953357	-0.0510868792	0.1017148926	-0.106005	0.0414843	0.0527701	0.000633212	-0.00214935	-0.000939394
-0.11574631929397584	-2.4097375869750977	0.88937616	21.12674713	0.8772639	0.051120499999999985	0.06069724730000001	0.0488193745	0.147491385	-0.0291767057	-0.008664158299999999	0.0664509461	0.0953734993	-0.1058336625	-0.0044111464000000005	0.0801968832	0.0233051006	0.0179217798	-0.103164	0.0385541	0.07408660000000002	0.000260908	-0.00214935	-0.0008310419999999999
-0.7453855872154236	-2.2900171279907227	0.89453989	21.24940872	0.87460238	0.0836772	0.0811943871	0.0640356476	0.06326536349999999	0.0805333216	-0.075684401	-0.0008037777	0.058266445300000004	-0.0331215423	0.09531770279999999	0.1000124286	0.149948093	-0.0282411043	-0.107624	0.0672138	0.054624599999999995	0.000751327	-0.00214935	-0.000962533
-0.7466068267822266	-1.1743857860565186	1.15498412	27.4361496	1.06231618	0.29204895	0.0386728946	-0.0911846008	-0.1474870282	0.0071036041	-0.0077887742	-0.1303337198	-0.09682196679999999	0.1278215884	0.0663227574	0.035374435	0.09398348990000001	-0.0505638155	-0.0820418	-0.042213099999999996	-0.051317999999999996	0.00017404900000000001	-0.00180673	-0.00106458
-1.5522104501724243	-1.7794575691223145	1.11141789	26.40125084	1.01360059	0.15031685	-0.0220800781	-0.1377687664	0.0024422968	-0.11375743640000001	-0.0689140888	0.0191742551	-0.1341233153	-0.0299455266	-0.0904832619	-0.063448219	0.0964885134	0.061413047400000004	-0.0613482	-0.028405200000000002	-0.114906	0.00079077	-0.00208612	-0.0009161439999999999
-2.333583116531372	-1.67145574092865	1.03483093	24.58196259	0.97874874	0.14221395000000003	-0.0406837447	0.0042885442	0.0040593138	-0.0168802957	-0.1469375513	0.17516530730000002	-0.010118671800000001	-0.0703987048	-0.1970660188	-0.024518596200000003	0.11382010640000001	-0.0724256766	-0.08092610000000001	-0.116666	-0.0951215	0.0006750910000000001	-0.00211382	-0.00106458
-0.5761374235153198	1.6004254817962646	1.39688134	33.18231201	1.18827796	0.15985729999999998	-0.0939219467	0.1869650063	-0.0794314804	0.0251467432	-0.0637539917	-0.0601004978	0.1517657308	0.079542974	0.0022796365	-0.0927825108	0.1214857757	-0.0558297824	-0.11003199999999999	-0.0638196	-0.149327	0.0008202610000000001	-0.00201776	-0.00129734
0.6542696952819824	4.031425476074219	1.29019189	30.64795113	1.12922513	0.28840744999999995	-0.1971437137	-0.081435071	-0.0514788864	-0.0092193477	0.062918111	-0.0916823379	-0.0778626116	-0.0037067709999999998	0.10384393869999999	-0.1819812171	-0.0115265101	-0.0059883806999999995	-0.12720399999999998	0.0635597	-0.0180688	0.00084971	-0.00207728	-0.00113435
0.6441982984542847	2.6058578491210938	1.14403152	27.1759758	1.01423967	0.25524785	-0.1571048098	-0.054086776600000004	0.0646109118	0.0084428883	0.0569478448	0.130333405	-0.025091300499999997	-0.1311341485	-0.039117631800000004	-0.15657584859999998	-0.11429794759999999	-0.046740614900000005	-0.0893257	-0.042577300000000005	-0.0963549	0.00122146	-0.0019537	-0.0009707510000000001
2.692110300064087	1.499016046524048	1.51802647	36.06006241	1.24340951	0.26213970000000003	-0.0149348522	0.1454877601	-0.1697347727	-0.006017890600000001	0.0680965904	-0.0009467543	0.1130510306	0.1460401865	-0.011763763200000001	-0.0443231766	-0.2194173193	-0.0266576955	-0.0748345	-0.100703	-0.217376	0.000569865	-0.00131127	-0.00104676
0.11862343549728395	1.189537525177002	1.31257081	31.17955208	1.13922346	0.37583410000000006	-0.07438990849999999	-0.07492210839999999	0.014210493000000001	-0.09061578039999998	-0.028468049199999998	0.0093446482	-0.0923021373	-0.056503077199999995	-0.0159621548	-0.0901592701	-0.0058292097	0.10318704949999999	-0.10717	0.0327097	-0.0530438	0.000511418	-0.00208162	-0.000960483
0.4270334839820862	1.6332327127456665	0.9217177	21.89500618	0.89943415	0.09448600000000003	-0.0742730171	0.0308353071	0.0681245434	0.024772887799999997	-0.0240885817	0.13994421640000002	0.050537808899999995	-0.0772480077	-0.0461427862	-0.0531546241	-0.0651846956	-0.0153292878	-0.107127	-0.0243248	-0.0380277	0.000555059	-0.00176369	-0.00104676
-0.2122493386268616	1.653343915939331	1.02580547	24.36756516	0.94852591	0.22156952	0.0010029455	0.0836666151	-0.0022891012	0.11357144460000002	0.0699091088	-0.0110479579	0.0966491907	-0.0146176636	0.053627443	-0.01784451	0.008413141800000001	-0.10841498960000001	-0.0870862	0.00792302	-0.0684788	0.00238573	-0.00226144	-0.000598585
-4.839630126953125	-2.622687339782715	1.73857009	41.29898071	1.61096835	0.8814070699999998	0.0390360265	-0.034303452400000004	-0.1831220086	0.0026325420000000003	0.10969202060000001	0.0343710149	-0.0871351221	0.1809562307	-0.1549659797	0.0420965466	0.11917218759999999	-0.2966288264	-0.0433565	-0.16852	-0.405503	0.00698372	-0.00127324	0.00029942799999999997
0.2940360903739929	-0.1899174451828003	1.52659416	36.26358414	1.45894265	0.56804205	0.0575217776	0.0262413331	-0.0840723652	-0.0732626616	0.13663477529999998	-0.0490098658	0.0434591337	0.13587235220000002	-0.013009866100000001	-0.008024706	-0.015645039399999998	0.0189749414	-0.0876717	-0.115777	-0.221863	0.00260339	-0.00201764	-0.000322719
-1.61740243434906	-2.3801944255828857	1.08362615	25.74106979	0.99723721	0.15850704999999998	0.1142557357	-0.0099017259	-0.1528726674	-0.10245434619999999	-0.0028302168	-0.1061845706	-0.0669999976	0.16930912780000001	-0.046742590300000005	0.0413215819	0.0790707962	0.0361028785	-0.0933311	-0.0723565	-0.17619300000000002	0.00177739	-0.00176865	-0.000122566
-1.7575397491455078	-3.1180787086486816	1.01498854	24.11061478	0.90979606	0.07417740000000002	0.0656163617	-0.0604642754	-0.076276694	-0.14364493820000002	-0.116384776	0.143874428	-0.09472570849999999	0.0611240511	-0.1475580811	0.021138881800000002	0.0709168411	0.0722748237	-0.10383900000000001	-0.0990511	-0.180714	0.00150882	-0.00180263	-0.00046909400000000003
-0.8963342905044556	-1.9170593023300169	0.94374663	22.418293	0.8900705	0.09600435	0.062109385999999996	0.0186478245	-0.0747061549	-0.0131112173	-0.1369732724	-0.014209386599999999	-0.0076748059	0.0410331506	-0.12078136869999999	0.0072736022	0.0707172573	-0.009829252	-0.103827	-0.0836788	-0.133367	0.00124195	-0.00162058	-0.000252553
0.2493560314178467	-0.24808326363563535	0.97224367	23.0952282	0.92319179	0.18826735	0.0052215751000000005	0.0418047726	-0.0085895728	-0.1416744077	0.0513640649	-0.09265298279999999	0.0672019213	0.026780965099999998	-0.0335076121	-0.0497466242	0.0155677427	0.1087735384	-0.11959000000000002	-0.0776936	-0.0249011	0.000333886	-0.00158412	-0.00046909400000000003
1.1648828983306885	0.05462074279785156	1.0318265	24.51059341	0.95952523	0.12475048	0.0241325862	0.0028781928999999998	-0.1544133257	0.0198372957	0.044525887	0.0621392911	-0.0296371271	0.1664210609	0.0641943853	0.0172659358	-0.084651276	0.010762861299999999	-0.12171300000000002	-0.06895710000000001	-0.0873135	-8.18656e-05	-0.00219794	-0.00046909400000000003
-0.06924861669540405	-0.6534784436225891	1.12751937	26.78373528	1.00604713	0.23454627	0.0066211447	-0.1046043883	-0.060548397000000004	-0.1200473369	0.0003159347	-0.0410211102	-0.1057788291	0.0410110838	-0.0633529426	-0.0091711767	-0.033267000899999996	0.09359021470000001	-0.109606	-0.119006	-0.07121960000000001	-0.00108593	-0.00026580099999999997	-0.00065882
-0.1581774353981018	-2.1472833156585693	1.55048573	36.83111954	1.27125549	0.4077791	0.0681683706	0.21558738719999998	-0.0875993025	-0.0711059776	-0.0840816808	-0.0704646317	0.1710584633	0.14376536310000002	-0.1263368594	0.0336821098	-5.79597e-05	-0.022668065600000002	-0.0732693	-0.168924	-0.196277	0.00172716	-0.00137358	-0.000650349
-0.6498772501945496	-0.5414175987243652	1.23467493	29.32917023	1.13269925	0.57084005	-0.0479479561	-0.0206600716	0.006132135600000001	-0.0593627579	-0.1064218046	-0.0098959985	-0.022880357900000002	0.026586158399999997	0.0483431245	-0.022597657599999998	0.11970773609999999	0.0554787587	-0.12324700000000001	0.0472705	0.0168144	0.00135516	-0.00276148	-0.00057872
-1.8115599155426023	1.3220775127410889	1.24316895	29.53094101	1.07552254	0.3118	-0.0947676075	-0.11047782310000001	-0.047283054500000005	0.0245897945	-0.1020515449	-0.0645029921	-0.1307267841	-0.0343839584	-0.0777118951	-0.0680654696	0.09239659929999999	-0.0587585729	-0.11301800000000001	-0.0530432	-0.0872727	0.00018831599999999998	-0.00222308	-0.00081688
-0.9768437147140504	-0.15475952625274658	1.58918619	37.75043106	1.29487765	0.2615985	-0.0592595365	0.2285195883	-0.0076011068	-0.0701264032	-0.034832768300000004	0.08813639179999999	0.18408738379999998	0.0652232775	-0.0826562661	-0.08497803849999999	0.0855207855	-0.0318118904	-0.07819989999999999	-0.09581260000000001	-0.152624	0.00173051	-0.00275092	-0.00051372
-0.5227427482604979	2.365962028503418	1.69354844	40.22951126	1.39236438	0.2092681	-0.07354728320000001	-0.1035229417	-0.2542387277	-0.1195099341	0.0349990636	-0.0599623003	-0.1674257316	0.17634965460000002	-0.0278249857	-0.1469676777	0.0243445015	0.004445235	-0.00557745	-0.10426400000000001	-0.20510100000000003	0.000492222	-0.00274166	-0.00024692299999999997
-1.5116349458694458	-0.2580917179584503	1.2522788	29.74734306	1.11633599	0.110047415	-0.08681614369999999	-0.0101718641	-0.1299524529	-0.010244273	-0.10529732259999999	0.0924236105	-0.0593465725	0.0437859103	-0.1929030482	-0.1300381644	0.0659923375	-0.0933725351	-0.00360611	-0.159208	-0.20662800000000003	0.00077697	-0.00322707	1.50205e-05
0.4476540088653565	2.755488872528076	1.28743994	30.58257866	1.13337374	0.327129965	-0.1435443881	0.1251912804	-0.0041084162	-0.0936094363	-0.0194497198	-0.0481887962	0.1263782924	0.0026514008	-0.07122593099999999	-0.1702655252	0.00567382	0.0303471197	-0.0714977	-0.031293	-0.12600799999999998	0.000521331	-0.00269874	-0.000215078
0.6393648386001587	4.701625347137451	1.08612084	25.80033112	1.0004437	0.06068635	-0.1855661237	0.0670860855	-0.0664870664	0.0276853331	0.0582774153	0.1532610103	0.0122908361	0.0674878152	0.0871610698	-0.2223947898	0.0055667488	-0.0402922499	-0.089225	-0.0165295	-0.120831	0.00037142699999999997	-0.00248597	-0.000117381
1.592123031616211	4.904536724090576	1.04480183	24.81881714	0.97433782	0.1052517	-0.14274048849999998	-0.07081262690000001	-0.0615795347	0.0323713213	0.22763236550000002	-0.031048231000000003	-0.0727644286	-0.024988859	0.046162721500000004	-0.1881024994	-0.1788162121	0.0204494459	-0.11018399999999999	0.025271900000000003	-0.0917084	0.000170373	-0.00244454	-0.000142271
1.8017783164978027	2.19399642944336	1.02448285	24.33614731	0.96229887	0.1269118	-0.0097251125	0.0382237305	-0.0307800211	0.1286754602	0.1603450478	0.08985727199999999	0.0206568143	-0.0268487753	0.0102471128	-0.038518646000000004	-0.24782954100000001	-0.1295010906	-0.10330299999999999	-0.030855599999999997	-0.08794980000000001	0.00118984	-0.00240341	-0.000284568
0.544636607170105	0.06768426299095154	0.987306	23.45302773	0.9225899	0.05460880000000001	0.0561467238	0.0617325767	0.043040065599999996	-0.0324608127	0.1504517949	0.0173071233	0.0838792831	0.000194697	-0.0162284022	0.023216099700000003	-0.1368849911	0.006747068199999999	-0.0938262	-0.0209956	-0.07804860000000001	0.00106086	-0.00261252	-0.000115242
0.6230661273002625	-0.4271581470966339	0.98192942	23.32530975	0.89845711	0.04752685000000001	0.11542860740000001	0.020209233700000002	-0.055155253099999996	-0.0022190192	0.099865799	-0.0535193946	-0.013542998200000001	0.1008550125	0.0354265982	0.07176095639999999	-0.0903357361	-0.024935143599999997	-0.0937909	-0.013127600000000001	-0.08257189999999999	0.000926802	-0.00235377	0.000193955
-0.3909725546836853	-0.640628457069397	0.99473888	23.6295929	0.91062009	0.10194323000000004	0.0681936583	-0.0687810831	-0.0121914332	-0.046455931900000004	0.058675348700000005	0.1739339354	-0.0823863532	0.0369558735	-0.0020575311	0.035633315299999996	-0.0167608138	0.0512532181	-0.11825899999999999	-0.00207582	-0.042484100000000004	0.000965618	-0.0025353999999999997	-0.00011231
-0.13932520151138306	-0.5040621161460876	0.91769224	21.79938316	0.87398815	0.05312658	0.09074474880000001	-0.0537706265	-0.0173566124	0.0780935263	0.028827042999999997	0.0226055662	-0.0604219833	-0.0330492988	-0.0565751019	0.0676070905	-0.0524097468	-0.0750357916	-0.11825899999999999	-0.0070691	-0.0393052	0.00143646	-0.00226705	-0.000272206
-0.5334908366203308	-0.6423981189727783	0.93495113	22.20936012	0.88574564	0.12514464999999997	0.07238470179999999	-0.0034336059999999996	0.0700472477	-0.09765749550000001	0.0912330735	-0.039878424100000004	0.0336253004	-0.0521829013	-0.0797548773	0.0269819912	-0.012779717	0.0919988492	-0.13056500000000001	-0.0584572	-0.0832178	0.00173376	-0.00226705	-0.000325665
0.06093001365661621	-1.5517913103103638	0.98384452	23.37080193	0.92069852	0.07365680000000001	0.1265811845	0.1070049751	-0.0285135776	0.0414135022	0.0190708771	0.0154483197	0.0863560253	0.0873873096	0.0203570949	0.1035314217	0.047262860700000006	-0.021461367000000002	-0.130859	-0.015366	-0.06347230000000001	0.00159827	-0.00224379	-0.000273893
